C:\Users\Fresh\Tablacus	1751578476403
C:\Users\Fresh\Downloads	1751578474283
C:\Users\Fresh\AppData\Local\Temp	1751578470033
17	1751578467799
::{088E3905-0323-4B02-9826-5D99428E115F}\Tablacus	1751578456337
::{088E3905-0323-4B02-9826-5D99428E115F}\TablacusExplorerAddons-master	1751578340274
C:\Users\Fresh\Downloads\TablacusExplorer-master.zip\TablacusExplorer-master	1751575670513
C:\Users\Fresh\Downloads\TablacusExplorer-master.zip	1751575665334
C:\	1751574938175
C:\Windows\SoftwareDistribution\DataStore	1751554038271
::{59031A47-3F72-44A7-89C5-5595FE6B30EE}\{0DDD015D-B06C-45D5-8C4C-F59713854639}	1751554030316
::{59031A47-3F72-44A7-89C5-5595FE6B30EE}\Tablacus\addons	1751553958255
C:\Users\Fresh\Tablacus\addons\Tablacus\te241011\addons	1751552944073
C:\Users\Fresh\Tablacus\addons\Tablacus\te241011	1751552942173
C:\Users\Fresh\Tablacus\addons\Tablacus	1751552937414
C:\Users\Fresh\Tablacus\addons	1751552934677
C:\Users\Fresh\Tablacus\addons\Tablacus\te241011\addons\2025-03-02	1751552920732
search-ms:crumb=jude&crumb=location:C:%5CUsers%5CFresh%5CTablacus	1751552890256
::{59031A47-3F72-44A7-89C5-5595FE6B30EE}\Tablacus	1751552886979
::{59031A47-3F72-44A7-89C5-5595FE6B30EE}\Tablacus\backup	1751552875536
::{59031A47-3F72-44A7-89C5-5595FE6B30EE}\Tablacus\script	1751552864296
::{59031A47-3F72-44A7-89C5-5595FE6B30EE}	1751552825010
E:\	1751552738300
C:\Users\Eino\AppData\Local\Programs	1751552308358
C:\Users\Fresh\AppData	1751552302175
C:\Users\Eino\AppData	1751552180278
C:\Users\Eino\Downloads	1751552151709
::{20D04FE0-3AEA-1069-A2D8-08002B30309D}\::{088E3905-0323-4B02-9826-5D99428E115F}	1751536463969
C:\Program Files	1751536433503
es:hello	1751536372568
search-ms:crumb=.pdf&crumb=location:C:%5CUsers%5CEino%5CDownloads	1751536170309
E:\New folder	1751535976394
C:\Users\Eino\Desktop	1751535973363
C:\Users\Eino\Music\VST Plugins	1751535959512
C:\ProgramData\Microsoft\Windows\Start Menu\Programs	1751535932974
::{59031A47-3F72-44A7-89C5-5595FE6B30EE}\AppData\Roaming\Microsoft\Windows\Start Menu\Programs	1751535900539
::{031E4825-7B94-4DC3-B131-E946B44C8DD5}\Pictures.library-ms	1751535866168
C:\Users\Eino\WINDOWS	1751535848314
C:\Users\Eino\Music\freepiano_2.2.2.1_win64\freepiano\vsti	1751535836937
C:\Users\Eino\Documents\QTTabBar\QTTabBar_Plugins_AllInOne	1751535823749
C:\Users\Eino\Documents	1751535750209
C:\Users\Eino\AppData\Roaming\Microsoft\Internet Explorer\Quick Launch\User Pinned\StartMenu\KDE  Release\Multimedia	1751535747376
C:\Users\Eino\Pictures	1751535652434
C:\Users\Eino\Documents\AutoHotkey	1751535639190
C:\Users\Eino\AppData\Roaming\Spitfire Audio\Settings	1751535628079
C:\Users\Eino\AppData\Roaming\Microsoft\Internet Explorer\Quick Launch\User Pinned\TaskBar	1751535619260
C:\Users\Eino\AppData\Local\Topten Software\Cantabile 4.0 (x64)	1751535614891
::{59031A47-3F72-44A7-89C5-5595FE6B30EE}\AppData\Roaming\goofcord\GoofCord\assets	1751535608054
::{59031A47-3F72-44A7-89C5-5595FE6B30EE}\{7D83EE9B-2244-4E70-B1F5-5393042AF1E4}	1751535585660
C:\Users\Eino\AppData\Local\Programs\lighttable-0.8.1-windows	1751516384427
::{59031A47-3F72-44A7-89C5-5595FE6B30EE}\Tweaking\God Mode	1747089919215
::{59031A47-3F72-44A7-89C5-5595FE6B30EE}\Tweaking	1744494887412
C:\Users\Eino\Downloads\ScreenTranslator	1744478368845
C:\Users\Eino\Downloads\IE-10	1744478344787
C:\Users\Eino\Documents\AutoHotkey\bug.n-9.0.2	1744461385920
C:\Microsoft Shared	1744460580928
C:\Program Files\LogiOptionsPlus	1744078461350
C:\Users\Eino\Pictures\Textures	1744067337478
C:\Microsoft Shared\Phone Tools	1743857597420
C:\Microsoft Shared\Phone Tools\14.0	1743857596050
C:\Microsoft Shared\Phone Tools\14.0\Debugger	1743857595237
C:\Microsoft Shared\Phone Tools\14.0\Debugger\target	1743857594074
C:\Microsoft Shared\Phone Tools\14.0\Debugger\target\x86	1743857591709
C:\Users\Eino\Downloads\susie347b	1743837306745
::{59031A47-3F72-44A7-89C5-5595FE6B30EE}\New folder	1743836671613
6	1743836661107
::{59031A47-3F72-44A7-89C5-5595FE6B30EE}\{1777F761-68AD-4D8A-87BD-30B759FA33DD}\Links	1743836659400
::{59031A47-3F72-44A7-89C5-5595FE6B30EE}\AppData	1743836593674
::{59031A47-3F72-44A7-89C5-5595FE6B30EE}\AppData\Local\Programs	1743836439531
::{59031A47-3F72-44A7-89C5-5595FE6B30EE}\AppData\Local	1743836435202
::{59031A47-3F72-44A7-89C5-5595FE6B30EE}\AppData\Local\ProcessLasso	1743836432545
::{59031A47-3F72-44A7-89C5-5595FE6B30EE}\AppData\Local\Programs\textadept	1743835995390
::{20D04FE0-3AEA-1069-A2D8-08002B30309D}\::{088E3905-0323-4B02-9826-5D99428E115F}\pvst64_v1.1.10b44\Gear	1742433309094
C:\Users\Eino\.textadept\base16-textadept-main\base16\templates\textadept\themes	1742303108996
C:\Users\Eino\Music\freepiano_2.2.2.1_win64\freepiano\vsti\VSTBucket	1742303108630
::{59031A47-3F72-44A7-89C5-5595FE6B30EE}\AppData\Local\Programs\textadept\themes	1742242051867
C:\Users\Eino\.textadept\base16-textadept-main\base16\templates\textadept	1742241013270
C:\Users\Eino\.textadept\base16-textadept-main\base16\templates	1742241011043
C:\Users\Eino\.textadept\base16-textadept-main\base16	1742241009336
C:\Users\Eino\.textadept\base16-textadept-main\base16\schemes	1742241007103
C:\Users\Eino\.textadept\base16-textadept-main	1742241001957
C:\Users\Eino\.textadept	1742241000214
C:\Users\Eino\.textadept\themes	1742240998569
::{59031A47-3F72-44A7-89C5-5595FE6B30EE}\AppData\Local\Programs\textadept\test	1742240989518
::{59031A47-3F72-44A7-89C5-5595FE6B30EE}\AppData\Local\Programs\textadept\modules	1742240983845
::{59031A47-3F72-44A7-89C5-5595FE6B30EE}\AppData\Local\Programs\textadept\core	1742240971299
C:\Users\Eino\.textadept\modules	1742240960006
C:\Users\Eino	1742240838417
::{59031A47-3F72-44A7-89C5-5595FE6B30EE}\{0DDD015D-B06C-45D5-8C4C-F59713854639}\Start Orbs\Redmond Start Orb by Mello-DA\Multicolored\Windows 11 small\Dark Mode	1742240809268
::{59031A47-3F72-44A7-89C5-5595FE6B30EE}\Tweaking\GodMode.{ED7BA470-8E54-465E-825C-99712043E01C}	1742240807094
::{59031A47-3F72-44A7-89C5-5595FE6B30EE}\AppData\Local\BuildAGadget Content\Quick Launch	1742240532318
C:\Users\Eino\AppData\Local\KDE Apps\bin	1742240531977
::{20D04FE0-3AEA-1069-A2D8-08002B30309D}\::{088E3905-0323-4B02-9826-5D99428E115F}\pvst64_v1.1.10b44\Gear\Vst	1742157298300
::{20D04FE0-3AEA-1069-A2D8-08002B30309D}\::{088E3905-0323-4B02-9826-5D99428E115F}\pvst64_v1.1.10b44	1742157178431
C:\Users\Eino\AppData\Roaming\Microsoft\Internet Explorer\Quick Launch\User Pinned\StartMenu\KDE  Release	1742156928180
es:KDE	1742156905076
es:plasma.exe	1742156870609
es:plasma	1742156795936
C:\Program Files\Microsoft.NET	1742152983645
C:\Program Files\Common Files\VST3	1742152982196
::{59031A47-3F72-44A7-89C5-5595FE6B30EE}\AppData\Roaming\goofcord\GoofCord	1742147708190
::{59031A47-3F72-44A7-89C5-5595FE6B30EE}\AppData\Roaming\goofcord	1742147699414
::{59031A47-3F72-44A7-89C5-5595FE6B30EE}\{A0C69A99-21C8-4671-8703-7934162FCF1D}\freepiano_2.2.2.1_win64\freepiano	1742110597179
::{59031A47-3F72-44A7-89C5-5595FE6B30EE}\{A0C69A99-21C8-4671-8703-7934162FCF1D}\freepiano_2.2.2.1_win64\freepiano\vsti	1742103150208
::{59031A47-3F72-44A7-89C5-5595FE6B30EE}\{A0C69A99-21C8-4671-8703-7934162FCF1D}\freepiano_2.2.2.1_win64	1742103143638
::{59031A47-3F72-44A7-89C5-5595FE6B30EE}\{A0C69A99-21C8-4671-8703-7934162FCF1D}	1742103141355
::{59031A47-3F72-44A7-89C5-5595FE6B30EE}\{A0C69A99-21C8-4671-8703-7934162FCF1D}\VST Plugins	1742103133798
::{59031A47-3F72-44A7-89C5-5595FE6B30EE}\{A0C69A99-21C8-4671-8703-7934162FCF1D}\VST Plugins\VSTBucket	1742103040821
::{59031A47-3F72-44A7-89C5-5595FE6B30EE}\{A0C69A99-21C8-4671-8703-7934162FCF1D}\VST Plugins\VSTBucket\Overloud	1742103031552
C:\Users\Eino\Music\VST Plugins\VSTBucket	1742103028510
::{59031A47-3F72-44A7-89C5-5595FE6B30EE}\{A0C69A99-21C8-4671-8703-7934162FCF1D}\VST Plugins\VSTBucket\x86_64-win	1742102997981
C:\Users\Eino\Music\VST Plugins\VSTBucket\Flite\Contents	1742102994507
::{59031A47-3F72-44A7-89C5-5595FE6B30EE}\{A0C69A99-21C8-4671-8703-7934162FCF1D}\VST Plugins\VSTBucket\Flite.vst3\Contents	1742102979934
::{59031A47-3F72-44A7-89C5-5595FE6B30EE}\{A0C69A99-21C8-4671-8703-7934162FCF1D}\VST Plugins\VSTBucket\Flite.vst3\Contents\x86_64-win	1742102956409
::{59031A47-3F72-44A7-89C5-5595FE6B30EE}\Recent	1742102750176
::{59031A47-3F72-44A7-89C5-5595FE6B30EE}\{A0C69A99-21C8-4671-8703-7934162FCF1D}\VST Plugins\VSTBucket\Flite.vst3\Contents\Resources	1742102725863
::{59031A47-3F72-44A7-89C5-5595FE6B30EE}\{A0C69A99-21C8-4671-8703-7934162FCF1D}\VST Plugins\VSTBucket\Flite.vst3	1742102718326
::{59031A47-3F72-44A7-89C5-5595FE6B30EE}\{A0C69A99-21C8-4671-8703-7934162FCF1D}\VST Plugins\VSTBucket\Chameleon\Contents\x86_64-win	1742102697470
::{59031A47-3F72-44A7-89C5-5595FE6B30EE}\{A0C69A99-21C8-4671-8703-7934162FCF1D}\VST Plugins\VSTBucket\Chameleon\Contents	1742102691406
::{59031A47-3F72-44A7-89C5-5595FE6B30EE}\{A0C69A99-21C8-4671-8703-7934162FCF1D}\VST Plugins\VSTBucket\Chameleon	1742102686427
::{59031A47-3F72-44A7-89C5-5595FE6B30EE}\{A0C69A99-21C8-4671-8703-7934162FCF1D}\VST Plugins\VSTBucket\Chameleon.vst3	1742102672657
::{59031A47-3F72-44A7-89C5-5595FE6B30EE}\{A0C69A99-21C8-4671-8703-7934162FCF1D}\VST Plugins\VSTBucket\Chameleon.vst3\Contents	1742102671384
::{59031A47-3F72-44A7-89C5-5595FE6B30EE}\{A0C69A99-21C8-4671-8703-7934162FCF1D}\VST Plugins\VSTBucket\Chameleon.vst3\Contents\x86_64-win	1742102635715
::{59031A47-3F72-44A7-89C5-5595FE6B30EE}\{A0C69A99-21C8-4671-8703-7934162FCF1D}\VST Plugins\BarfBucket	1742102460664
::{59031A47-3F72-44A7-89C5-5595FE6B30EE}\{A0C69A99-21C8-4671-8703-7934162FCF1D}\VST	1742102443942
C:\Program Files\Common Files\VST3\BC Free Amp VST3 data	1742102378365
C:\Program Files\Common Files\VST3\Chameleon.vst3	1742102374209
C:\Program Files\Common Files\VST3\Chameleon.vst3\Contents	1742102373030
C:\Program Files\Common Files\VST3\Chameleon.vst3\Contents\x86_64-win	1742102370720
C:\Program Files\Common Files\VST3\Flite.vst3	1742102363093
C:\Program Files\Common Files\VST3\Flite.vst3\Contents	1742102361754
C:\Program Files\Common Files\VST3\Flite.vst3\Contents\Resources	1742102359128
C:\Program Files\Common Files\VST3\Flite.vst3\Contents\x86_64-win	1742102355082
C:\Program Files\Common Files\VST3\Overloud	1742102347955
::{59031A47-3F72-44A7-89C5-5595FE6B30EE}\{7D83EE9B-2244-4E70-B1F5-5393042AF1E4}\Old Since 2-13-25	1742102322311
::{59031A47-3F72-44A7-89C5-5595FE6B30EE}\{7D83EE9B-2244-4E70-B1F5-5393042AF1E4}\Right-Click Extender\Right-Click Extender v2	1742102321899
C:\Users\Eino\AppData\Roaming\Microsoft\Windows\Start Menu\KDE  Release	1741994014757
C:\Program Files\Common Files\VST3\Spitfire Audio	1741783873593
C:\Program Files\Common Files\VST3\Spitfire Audio\LABS.vst3	1741783872448
C:\Program Files\Common Files\VST3\Spitfire Audio\LABS.vst3\Contents	1741783871285
C:\Program Files\Common Files\VST3\Spitfire Audio\LABS.vst3\Contents\x86_64-win	1741783869607
C:\Program Files\Common Files	1741783853563
C:\Program Files\Common Files\VstPlugins	1741783850901
C:\Program Files\VstPlugins	1741783791074
C:\Program Files\VstPlugins\BC Free Amp VST data\Skins\Racks\Graphics\Knobs	1741783785295
C:\Program Files\VstPlugins\BC Free Amp VST data\Skins\Racks\Graphics	1741783781766
C:\Program Files\VstPlugins\BC Free Amp VST data\Skins\Racks	1741783777414
C:\Program Files\VstPlugins\BC Free Amp VST data\Skins	1741783772288
C:\Program Files\VstPlugins\BC Free Amp VST data	1741783763014
C:\Program Files\VstPlugins\BC Free Amp VST data\Model	1741783761375
C:\Program Files\VstPlugins\BC Free Amp VST data\About	1741783754521
C:\Program Files\VstPlugins\BC Free Amp VST data\Resources	1741783747904
C:\Program Files\VstPlugins\BC Free Amp VST data\Presets	1741783736440
C:\Program Files\VstPlugins\BC Free Amp VST data\Skins\Modern-Theme	1741783716953
C:\Users\Eino\Music\freepiano_2.2.2.1_win64\freepiano	1741783653376
C:\Users\Eino\Music\freepiano_2.2.2.1_win64	1741783650674
C:\Users\Eino\Music	1741783647494
C:\Program Files\VstPlugins\NoiseAsh Audio	1741783642705
C:\Users\Eino\Music\VST Plugins\Action_Tremolo_Windows_Installer_v1.3.5	1741783501499
C:\Users\Eino\Music\VST Plugins\AmplifikationLite_113_Win_VST_64bit	1741783494268
C:\Users\Eino\Music\VST Plugins\BlueCatFreeAmp-Win-1.13	1741783410188
C:\Users\Eino\Music\VST Plugins\STL Ignite - Emissary Plug-In Bundle V2.0.2	1741783372541
C:\Users\Eino\Music\VST Plugins\Sweetcase_EP_Windows_Installer_v1.5.0	1741783289105
::{59031A47-3F72-44A7-89C5-5595FE6B30EE}\{0DDD015D-B06C-45D5-8C4C-F59713854639}\Start Orbs	1741783264864
::{59031A47-3F72-44A7-89C5-5595FE6B30EE}\Tweaking\QTTabBar 2048 Beta2	1741733279078
C:\Program Files\QTTabBar	1741677506169
C:\Program Files\QTTabBar\ShellExt	1741677503073
C:\Program Files\QTTabBar\ShellExt\ViewColor	1741677501465
C:\Program Files\QTTabBar\ShellExt\ViewColor\ja	1741677498242
C:\Program Files\QTTabBar\ShellExt\ShellExecuteHook	1741677489425
C:\Program Files\QTTabBar\Tools	1741677470641
C:\Users\Eino\Music\VST	1741676829174
C:\Users\Eino\Music\freepiano_2.2.2.1_win64\freepiano\plugins	1741564430794
search-ms:crumb=.dll&crumb=location:C:%5CUsers%5CEino%5CMusic%5CVST	1741564345566
C:\Users\Eino\Music\VST\bucketone_1_1_2	1741542707349
C:\Users\Eino\AppData\Roaming\Spitfire Audio	1741531392554
C:\Users\Eino\AppData\Roaming	1741531376425
C:\Users\Eino\AppData\Roaming\com.spitfireaudio	1741531116749
::{59031A47-3F72-44A7-89C5-5595FE6B30EE}\AppData\Roaming\Microsoft\Windows\Start Menu\Programs\ActiveXHelper	1741519694279
::{20D04FE0-3AEA-1069-A2D8-08002B30309D}\::{24AD3AD4-A569-4530-98E1-AB02F9417AA8}\Screenshots	1741515582048
::{59031A47-3F72-44A7-89C5-5595FE6B30EE}\AppData\Roaming\Microsoft\Windows\Start Menu\KDE  Release\Development	1741512504329
::{59031A47-3F72-44A7-89C5-5595FE6B30EE}\AppData\Roaming\Microsoft\Windows\Start Menu\KDE  Release	1741512497274
::{59031A47-3F72-44A7-89C5-5595FE6B30EE}\AppData\Roaming\Microsoft\Windows\Start Menu	1741512421343
::{59031A47-3F72-44A7-89C5-5595FE6B30EE}\AppData\Roaming\Microsoft\Windows	1741512391659
::{59031A47-3F72-44A7-89C5-5595FE6B30EE}\AppData\Roaming\Microsoft	1741512370985
::{59031A47-3F72-44A7-89C5-5595FE6B30EE}\AppData\Roaming	1741512364095
::{20D04FE0-3AEA-1069-A2D8-08002B30309D}\::{24AD3AD4-A569-4530-98E1-AB02F9417AA8}\Start Orbs\windglows_start_orb_pack_by_swapnil36fg_d4uuf0p	1741510170924
::{59031A47-3F72-44A7-89C5-5595FE6B30EE}\{0DDD015D-B06C-45D5-8C4C-F59713854639}\Start Orbs\Redmond Start Orb by Mello-DA\Multicolored	1741500595292
::{59031A47-3F72-44A7-89C5-5595FE6B30EE}\{0DDD015D-B06C-45D5-8C4C-F59713854639}\Start Orbs\Redmond Start Orb by Mello-DA\Multicolored\Windows 11 small	1741500582233
::{59031A47-3F72-44A7-89C5-5595FE6B30EE}\Tweaking\NirSoft	1741500565215
::{59031A47-3F72-44A7-89C5-5595FE6B30EE}\Tweaking\ZIPs	1741500533979
::{20D04FE0-3AEA-1069-A2D8-08002B30309D}\::{D3162B92-9365-467A-956B-92703ACA08AF}\AoESearchArchive	1741495071085
::{59031A47-3F72-44A7-89C5-5595FE6B30EE}\{0DDD015D-B06C-45D5-8C4C-F59713854639}\Start Orbs\Redmond Start Orb by Mello-DA	1741483378520
::{59031A47-3F72-44A7-89C5-5595FE6B30EE}\{0DDD015D-B06C-45D5-8C4C-F59713854639}\Start Orbs\Redmond Start Orb by Mello-DA\The ORIGINAL	1741483362214
::{59031A47-3F72-44A7-89C5-5595FE6B30EE}\{0DDD015D-B06C-45D5-8C4C-F59713854639}\Start Orbs\Redmond Start Orb by Mello-DA\The ORIGINAL\Good old Windows 7	1741483358600
::{59031A47-3F72-44A7-89C5-5595FE6B30EE}\{0DDD015D-B06C-45D5-8C4C-F59713854639}\Start Orbs\Redmond Start Orb by Mello-DA\The ORIGINAL\Windows 8.1 and 10	1741483352469
::{59031A47-3F72-44A7-89C5-5595FE6B30EE}\{0DDD015D-B06C-45D5-8C4C-F59713854639}\Start Orbs\Redmond Start Orb by Mello-DA\The ORIGINAL\Windows 11	1741483344007
::{59031A47-3F72-44A7-89C5-5595FE6B30EE}\{0DDD015D-B06C-45D5-8C4C-F59713854639}\Start Orbs\Aero+Glow (Start Orbs Pack)	1741483271188
::{59031A47-3F72-44A7-89C5-5595FE6B30EE}\{0DDD015D-B06C-45D5-8C4C-F59713854639}\Start Orbs\Aero+Glow (Start Orbs Pack)\New Windows Logo	1741483268541
::{59031A47-3F72-44A7-89C5-5595FE6B30EE}\{0DDD015D-B06C-45D5-8C4C-F59713854639}\Start Orbs\Aero+Glow (Start Orbs Pack)\New Windows Logo\Small Bottom Taskbar	1741483253806
::{59031A47-3F72-44A7-89C5-5595FE6B30EE}\{0DDD015D-B06C-45D5-8C4C-F59713854639}\Start Orbs\start_orb_token_dark_animated_by_cpp1_d3bhpl5	1741483040488
::{59031A47-3F72-44A7-89C5-5595FE6B30EE}\{0DDD015D-B06C-45D5-8C4C-F59713854639}\Start Orbs\win 8 logo	1741483023718
::{59031A47-3F72-44A7-89C5-5595FE6B30EE}\{0DDD015D-B06C-45D5-8C4C-F59713854639}\Start Orbs\win_11_silver_4_color_start_orb_by_schnuffelkuschel_dhs7iaz	1741481733202
::{59031A47-3F72-44A7-89C5-5595FE6B30EE}\{0DDD015D-B06C-45D5-8C4C-F59713854639}\Start Orbs\Win8 orb\Normal\SP1	1741481722223
::{59031A47-3F72-44A7-89C5-5595FE6B30EE}\{0DDD015D-B06C-45D5-8C4C-F59713854639}\Start Orbs\Win8 orb\Normal	1741481719991
::{59031A47-3F72-44A7-89C5-5595FE6B30EE}\{0DDD015D-B06C-45D5-8C4C-F59713854639}\Start Orbs\Win8 orb\Normal\LAST VERSION	1741481716243
::{59031A47-3F72-44A7-89C5-5595FE6B30EE}\{0DDD015D-B06C-45D5-8C4C-F59713854639}\Start Orbs\Win8 orb	1741481706273
::{59031A47-3F72-44A7-89C5-5595FE6B30EE}\{0DDD015D-B06C-45D5-8C4C-F59713854639}\Start Orbs\win_start_orb__small__by_medi_dadu_d4yc5mq	1741481675235
::{59031A47-3F72-44A7-89C5-5595FE6B30EE}\{0DDD015D-B06C-45D5-8C4C-F59713854639}\Start Orbs\Win8_orb_(square)_by_AP-GRAPHIK	1741481189769
::{031E4825-7B94-4DC3-B131-E946B44C8DD5}\{A990AE9F-A03B-4E80-94BC-9912D7504104}\Start Orb	1741479230892
::{59031A47-3F72-44A7-89C5-5595FE6B30EE}\{0DDD015D-B06C-45D5-8C4C-F59713854639}\Start Orbs\win__india_start_orbs_by_swapnil36fg_d4vb4a5	1741477396384
::{59031A47-3F72-44A7-89C5-5595FE6B30EE}\{0DDD015D-B06C-45D5-8C4C-F59713854639}\Start Orbs\white-windows_904685bb62_VSTHEMES-ORG	1741477330094
::{59031A47-3F72-44A7-89C5-5595FE6B30EE}\{0DDD015D-B06C-45D5-8C4C-F59713854639}\Start Orbs\white-windows_904685bb62_VSTHEMES-ORG\Small	1741477327335
::{59031A47-3F72-44A7-89C5-5595FE6B30EE}\{0DDD015D-B06C-45D5-8C4C-F59713854639}\Start Orbs\white-windows_904685bb62_VSTHEMES-ORG\Normal	1741477274377
::{20D04FE0-3AEA-1069-A2D8-08002B30309D}\::{24AD3AD4-A569-4530-98E1-AB02F9417AA8}\Start Orbs	1741477158873
::{20D04FE0-3AEA-1069-A2D8-08002B30309D}\::{24AD3AD4-A569-4530-98E1-AB02F9417AA8}\Start Orbs\white-windows_904685bb62_VSTHEMES-ORG	1741477147552
::{59031A47-3F72-44A7-89C5-5595FE6B30EE}\{0DDD015D-B06C-45D5-8C4C-F59713854639}\Start Orbs\Win8 orb (black edition) by AP-GRAPHIK	1741477100355
::{59031A47-3F72-44A7-89C5-5595FE6B30EE}\{0DDD015D-B06C-45D5-8C4C-F59713854639}\Start Orbs\Win8 orb (black edition) by AP-GRAPHIK\Win8 orb	1741477089700
::{59031A47-3F72-44A7-89C5-5595FE6B30EE}\{0DDD015D-B06C-45D5-8C4C-F59713854639}\Start Orbs\Win8 orb (black edition) by AP-GRAPHIK\Win8 orb (small arrow)	1741477054996
::{59031A47-3F72-44A7-89C5-5595FE6B30EE}\{0DDD015D-B06C-45D5-8C4C-F59713854639}\Start Orbs\Win8 orb (black edition) by AP-GRAPHIK\Win8 orb (square)	1741477041132
::{59031A47-3F72-44A7-89C5-5595FE6B30EE}\{0DDD015D-B06C-45D5-8C4C-F59713854639}\Start Orbs\Win8 orb (black edition) by AP-GRAPHIK\Win8 orb (square)\SP1\explorer.exe for Windows 7 SP1 7601.17514 x86 (32 bits)	1741477035937
::{59031A47-3F72-44A7-89C5-5595FE6B30EE}\{0DDD015D-B06C-45D5-8C4C-F59713854639}\Start Orbs\Win8 orb (black edition) by AP-GRAPHIK\Win8 orb (square)\SP1	1741477031820
::{59031A47-3F72-44A7-89C5-5595FE6B30EE}\{0DDD015D-B06C-45D5-8C4C-F59713854639}\Start Orbs\Win8 orb (black edition) by AP-GRAPHIK\Win8 orb (square)\explorer.exe for Windows 7 7600.16450 x86 (32 bits)	1741476802430
::{59031A47-3F72-44A7-89C5-5595FE6B30EE}\{0DDD015D-B06C-45D5-8C4C-F59713854639}\Start Orbs\Win8 orb (black edition) by AP-GRAPHIK\Win8 orb (square)\explorer.exe for Windows 7 7600.16450 x64 (64 bits)	1741476793642
::{031E4825-7B94-4DC3-B131-E946B44C8DD5}\{A990AE9F-A03B-4E80-94BC-9912D7504104}\Start Orbs\Start Orb	1741476697066
::{59031A47-3F72-44A7-89C5-5595FE6B30EE}\{0DDD015D-B06C-45D5-8C4C-F59713854639}\Start Orbs\Aero+Glow (Start Orbs Pack)\Previous Windows Logo	1741476442280
::{031E4825-7B94-4DC3-B131-E946B44C8DD5}\{A990AE9F-A03B-4E80-94BC-9912D7504104}\Start Orbs	1741476429232
::{20D04FE0-3AEA-1069-A2D8-08002B30309D}\::{24AD3AD4-A569-4530-98E1-AB02F9417AA8}\Start Orbs\Start Orbs	1741476405857
::{031E4825-7B94-4DC3-B131-E946B44C8DD5}\{A990AE9F-A03B-4E80-94BC-9912D7504104}\Start Orbs\Start Orbs	1741476382181
::{20D04FE0-3AEA-1069-A2D8-08002B30309D}\::{24AD3AD4-A569-4530-98E1-AB02F9417AA8}	1741476370668
::{59031A47-3F72-44A7-89C5-5595FE6B30EE}\{0DDD015D-B06C-45D5-8C4C-F59713854639}\Start Orbs\Start Orbs	1741476326437
::{59031A47-3F72-44A7-89C5-5595FE6B30EE}\{0DDD015D-B06C-45D5-8C4C-F59713854639}\Start Orbs\win8_white_start_orb_by_robi450_d6847zs	1741476017149
::{59031A47-3F72-44A7-89C5-5595FE6B30EE}\{0DDD015D-B06C-45D5-8C4C-F59713854639}\Start Orbs\windglows_start_orb_pack_by_swapnil36fg_d4uuf0p	1741475975957
::{59031A47-3F72-44A7-89C5-5595FE6B30EE}\{0DDD015D-B06C-45D5-8C4C-F59713854639}\Start Orbs\Win11RainbowStartOrbSharpCorners	1741475925119
::{59031A47-3F72-44A7-89C5-5595FE6B30EE}\{0DDD015D-B06C-45D5-8C4C-F59713854639}\Start Orbs\Win11RainbowStartOrb_no_rounded_corners_by_schnuffelkuschel_dhrwihi	1741475866652
::{59031A47-3F72-44A7-89C5-5595FE6B30EE}\{0DDD015D-B06C-45D5-8C4C-F59713854639}\Start Orbs\windows_11_rainbow_start_orb_no_rounded_corners_by_schnuffelkuschel_dhrwihi	1741475764710
::{59031A47-3F72-44A7-89C5-5595FE6B30EE}\Tweaking\cmt	1741475593718
C:\Users\Eino\AppData\Local\Microsoft\Windows\Cursors	1741438933705
C:\Users\Eino\AppData\Local\Microsoft\Windows	1741438913815
C:\Users\Eino\AppData\Local\Microsoft	1741438901028
C:\Users\Eino\AppData\Local	1741438890502
C:\Users\Eino\AppData\Local\Packages\Microsoft.WinUI3ControlsGallery_8wekyb3d8bbwe\LocalCache\Local	1741438887335
C:\Users\Eino\AppData\Local\Packages\Microsoft.WinUI3ControlsGallery_8wekyb3d8bbwe\LocalCache\Local\Microsoft	1741438883431
C:\Users\Eino\AppData\Local\Packages\Microsoft.WinUI3ControlsGallery_8wekyb3d8bbwe\LocalCache	1741438876299
C:\Users\Eino\AppData\Local\Packages\Microsoft.WinUI3ControlsGallery_8wekyb3d8bbwe\LocalCache\Roaming\Microsoft\Windows\Start Menu	1741438873286
C:\Users\Eino\AppData\Local\Packages\Microsoft.WinUI3ControlsGallery_8wekyb3d8bbwe\LocalCache\Roaming\Microsoft\Windows\Start Menu\Programs	1741438870865
C:\Users\Eino\AppData\Local\Packages\Microsoft.WinUI3ControlsGallery_8wekyb3d8bbwe\LocalCache\Roaming\Microsoft\Windows	1741438864005
about:blank	1739883229745
::{59031A47-3F72-44A7-89C5-5595FE6B30EE}\{0DDD015D-B06C-45D5-8C4C-F59713854639}\Live Wallpapers	1739882682742
::{031E4825-7B94-4DC3-B131-E946B44C8DD5}\{A990AE9F-A03B-4E80-94BC-9912D7504104}\::{3ADD1653-EB32-4CB0-BBD7-DFA0ABB5ACCA}\Wallpaper	1739882682422
::{59031A47-3F72-44A7-89C5-5595FE6B30EE}\Spitfire	1739882554698
::{B2B4A4D1-2754-4140-A2EB-9A76D9D7CDC6}	1739881721863
::{20D04FE0-3AEA-1069-A2D8-08002B30309D}\::{088E3905-0323-4B02-9826-5D99428E115F}\Old Since 2-13-25	1739856285329
::{20D04FE0-3AEA-1069-A2D8-08002B30309D}\::{088E3905-0323-4B02-9826-5D99428E115F}\Old Since 2-13-25\CURSOR STUFF	1739856283321
::{20D04FE0-3AEA-1069-A2D8-08002B30309D}\::{088E3905-0323-4B02-9826-5D99428E115F}\Old Since 2-13-25\CURSOR STUFF\capitaine_cursors_by_krourke - 1	1739856281702
::{20D04FE0-3AEA-1069-A2D8-08002B30309D}\::{088E3905-0323-4B02-9826-5D99428E115F}\Old Since 2-13-25\CURSOR STUFF\capitaine_cursors_by_krourke - 1\capitaine_cursors_by_krourke	1739855769274
::{20D04FE0-3AEA-1069-A2D8-08002B30309D}\::{088E3905-0323-4B02-9826-5D99428E115F}\Old Since 2-13-25\CURSOR STUFF\Colloid_Dark_Cursor_Pack	1739855741892
::{59031A47-3F72-44A7-89C5-5595FE6B30EE}\{0DDD015D-B06C-45D5-8C4C-F59713854639}\Roblox	1739679750407
C:\Program Files\WindowsApps	1739584552548
about:remember	1739584524242
::{031E4825-7B94-4DC3-B131-E946B44C8DD5}\{A990AE9F-A03B-4E80-94BC-9912D7504104}\::{3ADD1653-EB32-4CB0-BBD7-DFA0ABB5ACCA}	1739584398282
C:\Program Files\Notepad++	1739582998666
C:\Program Files\IM-Magic	1739582990497
::{4849EFF0-3B19-45BB-B3B8-249420A13C33}\Local\Microsoft	1739571018907
::{4849EFF0-3B19-45BB-B3B8-249420A13C33}\LocalLow\Microsoft\Windows	1739570967347
::{031E4825-7B94-4DC3-B131-E946B44C8DD5}\{A990AE9F-A03B-4E80-94BC-9912D7504104}\::{3ADD1653-EB32-4CB0-BBD7-DFA0ABB5ACCA}\Wallpaper\Windows	1739570966815
::{4849EFF0-3B19-45BB-B3B8-249420A13C33}\LocalLow\Microsoft	1739570937604
::{4849EFF0-3B19-45BB-B3B8-249420A13C33}\Roaming	1739570890318
C:\Program Files\WindowsApps\DeletedAllUserPackages	1739534507157
C:\Program Files\WindowsApps\Deleted	1739534501043
C:\Program Files\WindowsApps\2203VeselinKaraganev.FancyWM_2.14.0.0_neutral_~_9x2ndwrcmyd2c	1739534476947
C:\Program Files\WindowsApps\2203VeselinKaraganev.FancyWM_2.14.0.0_neutral_~_9x2ndwrcmyd2c\AppxMetadata	1739534475068
C:\Program Files\WindowsApps\2203VeselinKaraganev.FancyWM_2.14.0.0_x64__9x2ndwrcmyd2c	1739534459781
C:\Program Files\WindowsApps\2203VeselinKaraganev.FancyWM_2.14.0.0_x64__9x2ndwrcmyd2c\AppxMetadata	1739534457950
C:\Program Files\WindowsApps\2203VeselinKaraganev.FancyWM_2.14.0.0_x64__9x2ndwrcmyd2c\FancyWM	1739534427263
C:\Program Files\WindowsApps\2203VeselinKaraganev.FancyWM_2.14.0.0_x64__9x2ndwrcmyd2c\Images	1739534416997
C:\Program Files\WindowsApps\2845PeroSoftware.FreelyWallpaper_1.0.11.0_x64__swvc1efjmfn5c	1739534369754
C:\Program Files\WindowsApps\55888ChristopheLavalle.DynamicTheme_1.7.102.0_x64__jdggxwd41xcr0	1739534301475
C:\Windows\Downloaded Program Files	1739534015509
C:\ProgramData	1739533895056
C:\Users\Eino\Documents\QTTabBar	1739473176411
C:\Judes Stuff	1739473108783
::{59031A47-3F72-44A7-89C5-5595FE6B30EE}\Tweaking\RepairKit-1.2.8	1739472925078
::{59031A47-3F72-44A7-89C5-5595FE6B30EE}\Tweaking\RepairKit-1.2.8\config	1739472923752
::{59031A47-3F72-44A7-89C5-5595FE6B30EE}\Tweaking\MajorGeeks Windows Tweaks	1739472778143
E:\Ditto-Backup	1739472777517
::{031E4825-7B94-4DC3-B131-E946B44C8DD5}\{A990AE9F-A03B-4E80-94BC-9912D7504104}\::{3ADD1653-EB32-4CB0-BBD7-DFA0ABB5ACCA}\Wallpaper\Theme2	1739317610203
::{59031A47-3F72-44A7-89C5-5595FE6B30EE}\Tweaking\shexview-x64	1739278662831
::{59031A47-3F72-44A7-89C5-5595FE6B30EE}\Tweaking\Sophia_Script_for_Windows_10_LTSC_2021_v5.20.3	1739278654650
::{59031A47-3F72-44A7-89C5-5595FE6B30EE}\Tweaking\TweakPowerX64	1739278647112
::{59031A47-3F72-44A7-89C5-5595FE6B30EE}\Tweaking\wintoolspro	1739278582528
::{59031A47-3F72-44A7-89C5-5595FE6B30EE}\Tweaking\windowsmanager_portable	1739278567333
::{59031A47-3F72-44A7-89C5-5595FE6B30EE}\Tweaking\TweakUIX	1739277381955
::{59031A47-3F72-44A7-89C5-5595FE6B30EE}\Tweaking\TweakUIX\tweaks	1739277375172
::{4849EFF0-3B19-45BB-B3B8-249420A13C33}	1739276576546
::{59031A47-3F72-44A7-89C5-5595FE6B30EE}\{4C5C32FF-BB9D-43B0-B5B4-2D72E54EAAA4}\metro exodus\292733975847239680	1739276158849
::{679F85CB-0220-4080-B29B-5540CC05AAB6}	1739231876790
::{59031A47-3F72-44A7-89C5-5595FE6B30EE}\{4C5C32FF-BB9D-43B0-B5B4-2D72E54EAAA4}\metro exodus	1739122169027
::{59031A47-3F72-44A7-89C5-5595FE6B30EE}\{4C5C32FF-BB9D-43B0-B5B4-2D72E54EAAA4}	1739122165697
::{59031A47-3F72-44A7-89C5-5595FE6B30EE}\{0DDD015D-B06C-45D5-8C4C-F59713854639}\Criterion Games	1739122153023
::{59031A47-3F72-44A7-89C5-5595FE6B30EE}\{0DDD015D-B06C-45D5-8C4C-F59713854639}\Bing Images	1739122145631
::{59031A47-3F72-44A7-89C5-5595FE6B30EE}\{0DDD015D-B06C-45D5-8C4C-F59713854639}\Screenshots	1739122134456
::{59031A47-3F72-44A7-89C5-5595FE6B30EE}\{0DDD015D-B06C-45D5-8C4C-F59713854639}\smplayer_screenshots	1739122126974
::{59031A47-3F72-44A7-89C5-5595FE6B30EE}\{0DDD015D-B06C-45D5-8C4C-F59713854639}\Timeline	1739122120031
E:\Excess Filez\searchmyfiles	1739122039264
::{20D04FE0-3AEA-1069-A2D8-08002B30309D}\::{088E3905-0323-4B02-9826-5D99428E115F}\New folder	1738910849855
::{20D04FE0-3AEA-1069-A2D8-08002B30309D}\::{D3162B92-9365-467A-956B-92703ACA08AF}\QTTabBar	1738823304129
::{59031A47-3F72-44A7-89C5-5595FE6B30EE}\{7D83EE9B-2244-4E70-B1F5-5393042AF1E4}\THEME STUFF	1738710325520
::{4849EFF0-3B19-45BB-B3B8-249420A13C33}\Local\Nilesoft Shell	1738708302593
::{4849EFF0-3B19-45BB-B3B8-249420A13C33}\Local\Nilesoft Shell\imports	1738708297909
::{4849EFF0-3B19-45BB-B3B8-249420A13C33}\Local	1738705676298
::{4849EFF0-3B19-45BB-B3B8-249420A13C33}\Local\Programs	1738705501921
::{4849EFF0-3B19-45BB-B3B8-249420A13C33}\Local\Nilesoft Shell\nppBackup	1738704699275
::{59031A47-3F72-44A7-89C5-5595FE6B30EE}\{7D83EE9B-2244-4E70-B1F5-5393042AF1E4}\nppBackup	1738704698763
::{4849EFF0-3B19-45BB-B3B8-249420A13C33}\Local\Nilesoft Shell\themes	1738704689424
E:\Excess Filez	1738702149791
C:\Tablacus\addons	1738702090029
C:\Tablacus\addons\2025-02-04	1738702076375
C:\Tablacus	1738701970587
C:\Tablacus\config	1738701967398
C:\Tablacus\tcplugins	1738701955029
::{59031A47-3F72-44A7-89C5-5595FE6B30EE}\{7D83EE9B-2244-4E70-B1F5-5393042AF1E4}\TE-commons-naming-main	1738701926506
E:\Jude's Stuff\Games	1738701078909
E:\Jude's Stuff\Games\Bloons.TD.5.v3.6	1738701074607
C:\Tablacus\lib	1738700497593
::{59031A47-3F72-44A7-89C5-5595FE6B30EE}\{F42EE2D3-909F-4907-8871-4C22FC0BF756}\My Stuff\.obsidian	1738692950353
::{59031A47-3F72-44A7-89C5-5595FE6B30EE}\{F42EE2D3-909F-4907-8871-4C22FC0BF756}\AoESearchArchive\.obsidian	1738692949827
::{59031A47-3F72-44A7-89C5-5595FE6B30EE}\{F42EE2D3-909F-4907-8871-4C22FC0BF756}\AoESearchArchive\.obsidian\plugins	1738692927363
::{59031A47-3F72-44A7-89C5-5595FE6B30EE}\{F42EE2D3-909F-4907-8871-4C22FC0BF756}\AoESearchArchive	1738692919959
::{59031A47-3F72-44A7-89C5-5595FE6B30EE}\{F42EE2D3-909F-4907-8871-4C22FC0BF756}	1738692912010
::{59031A47-3F72-44A7-89C5-5595FE6B30EE}\{F42EE2D3-909F-4907-8871-4C22FC0BF756}\My Stuff	1738692884719
::{59031A47-3F72-44A7-89C5-5595FE6B30EE}\{F42EE2D3-909F-4907-8871-4C22FC0BF756}\My Stuff\obsidian-border-main	1738692842889
::{59031A47-3F72-44A7-89C5-5595FE6B30EE}\{F42EE2D3-909F-4907-8871-4C22FC0BF756}\My Stuff\obsidian-border-main\presets	1738692839388
::{59031A47-3F72-44A7-89C5-5595FE6B30EE}\{F42EE2D3-909F-4907-8871-4C22FC0BF756}\My Stuff\obsidian-border-main\presets\Archived	1738692785829
::{59031A47-3F72-44A7-89C5-5595FE6B30EE}\{F42EE2D3-909F-4907-8871-4C22FC0BF756}\My Stuff\obsidian-border-main\img	1738692734926
::{59031A47-3F72-44A7-89C5-5595FE6B30EE}\{F42EE2D3-909F-4907-8871-4C22FC0BF756}\My Stuff\.obsidian\plugins	1738691068907
::{59031A47-3F72-44A7-89C5-5595FE6B30EE}\{F42EE2D3-909F-4907-8871-4C22FC0BF756}\DiscordChatArchives\.obsidian\plugins	1738690866436
::{59031A47-3F72-44A7-89C5-5595FE6B30EE}\{F42EE2D3-909F-4907-8871-4C22FC0BF756}\DiscordChatArchives\.obsidian	1738690861746
::{59031A47-3F72-44A7-89C5-5595FE6B30EE}\{F42EE2D3-909F-4907-8871-4C22FC0BF756}\DiscordChatArchives	1738690857031
::{20D04FE0-3AEA-1069-A2D8-08002B30309D}\::{088E3905-0323-4B02-9826-5D99428E115F}\shelter_mv3_inj-1.3 - 2	1738679947079
C:\Judes Stuff\Newfolder	1738679631811
C:\Judes Stuff\Judes dev stuff	1738675379217
C:\Program Files\BCUninstaller	1738675354108
C:\Program Files\7-Zip	1738675188722
C:\Program Files\Ditto	1738674605080
::{4849EFF0-3B19-45BB-B3B8-249420A13C33}\Roaming\BetterDiscord\themes	1738674125038
::{20D04FE0-3AEA-1069-A2D8-08002B30309D}\::{F86FA3AB-70D2-4FC7-9C99-FCBF05467F3A}\Captures	1738674123793
E:	1738673948621
New folder	1738666054415
::{59031A47-3F72-44A7-89C5-5595FE6B30EE}\Tablacus\te241011\tcplugins\wcx_TotalObserver_1.2.0	1738664508179
::{59031A47-3F72-44A7-89C5-5595FE6B30EE}\Tablacus\te241011\tcplugins	1738664463981
::{59031A47-3F72-44A7-89C5-5595FE6B30EE}\Tablacus\te241011	1738664458413
::{59031A47-3F72-44A7-89C5-5595FE6B30EE}\Tablacus\te241011\addons	1738664068110
::{59031A47-3F72-44A7-89C5-5595FE6B30EE}\Tablacus\te241011\addons\hidetitlebar	1738661098997
C:\Users\Eino\Downloads\addleds.exe	1738380983917
C:\Users\Eino\Downloads\easyinvert.exe	1738380815287
C:\Users\Eino\Downloads\windowinvert.exe	1738379863089
::{59031A47-3F72-44A7-89C5-5595FE6B30EE}\Tablacus\te241011\tcplugins\Enter folder name	1738377382841
C:\Judes Stuff\TcPlugins\wcx_aes_04032013	1738345567168
C:\Judes Stuff\TcPlugins	1738345566695
C:\Judes Stuff\New folder	1738345443259
C:\Judes Stuff\New folder\wcx_aes_04032013	1738345433768
::{59031A47-3F72-44A7-89C5-5595FE6B30EE}\Tablacus\te241011\backup	1738344242152
::{59031A47-3F72-44A7-89C5-5595FE6B30EE}\source	1738344196623
::{59031A47-3F72-44A7-89C5-5595FE6B30EE}\{7D83EE9B-2244-4E70-B1F5-5393042AF1E4}\ZIP	1738344094034
::{59031A47-3F72-44A7-89C5-5595FE6B30EE}\{7D83EE9B-2244-4E70-B1F5-5393042AF1E4}\ec_menu	1738344066520
D:\	1738343873128
D:\Amey	1738343869096
D:\CamScannah	1738343758356
C:\Program Files\Nilesoft Shell	1738342817344
::{59031A47-3F72-44A7-89C5-5595FE6B30EE}\AppData\Local\Everything	1738342501688
es:snippet	1738342074368
::{59031A47-3F72-44A7-89C5-5595FE6B30EE}\Tablacus\te241011\layout	1738337319188
::{59031A47-3F72-44A7-89C5-5595FE6B30EE}\AppData\LocalLow	1738261433510
::{59031A47-3F72-44A7-89C5-5595FE6B30EE}\{7D83EE9B-2244-4E70-B1F5-5393042AF1E4}\TABLACUS RELATED	1738261318793
::{59031A47-3F72-44A7-89C5-5595FE6B30EE}\{7D83EE9B-2244-4E70-B1F5-5393042AF1E4}\ec_menu\EcMenu_v1.6	1738258860179
::{59031A47-3F72-44A7-89C5-5595FE6B30EE}\OneCommander\Resources\FolderIcons	1738256183577
::{59031A47-3F72-44A7-89C5-5595FE6B30EE}\OneCommander\Resources	1738256172741
::{59031A47-3F72-44A7-89C5-5595FE6B30EE}\OneCommander	1738256162849
::{59031A47-3F72-44A7-89C5-5595FE6B30EE}\{7D83EE9B-2244-4E70-B1F5-5393042AF1E4}\New folder (4)\Phosphor	1738256061831
::{59031A47-3F72-44A7-89C5-5595FE6B30EE}\{7D83EE9B-2244-4E70-B1F5-5393042AF1E4}\New folder (4)	1738256049980
::{59031A47-3F72-44A7-89C5-5595FE6B30EE}\{7D83EE9B-2244-4E70-B1F5-5393042AF1E4}\New folder (5)	1738256039611
::{59031A47-3F72-44A7-89C5-5595FE6B30EE}\Tablacus\te241011\script	1738255955126
::{59031A47-3F72-44A7-89C5-5595FE6B30EE}\Tablacus\te241011\addons\2025-01-30	1738255860560
::{7D1CEAAE-3680-4093-BF63-A7BBF9B85FE5}	1738244340789
::{20D04FE0-3AEA-1069-A2D8-08002B30309D}\::{088E3905-0323-4B02-9826-5D99428E115F}\DISCORD RELATED	1738110280096
::{4849EFF0-3B19-45BB-B3B8-249420A13C33}\Roaming\BetterDiscord	1738110235582
::{4849EFF0-3B19-45BB-B3B8-249420A13C33}\LocalLow	1738110121599
::{20D04FE0-3AEA-1069-A2D8-08002B30309D}\::{088E3905-0323-4B02-9826-5D99428E115F}\bdbrowser-extension-1.10.2.20240619 - 1	1738107647781
::{20D04FE0-3AEA-1069-A2D8-08002B30309D}\::{B4BFCC3A-DB2C-424C-B029-7FE99A87C641}	1738104127292
::{7D1CEAAE-3680-4093-BF63-A7BBF9B85FE5}\Nilesoft Shell	1738102227694
Example folder	1738101777858
::{20D04FE0-3AEA-1069-A2D8-08002B30309D}\::{B4BFCC3A-DB2C-424C-B029-7FE99A87C641}\Example folder	1738101777352
::{20D04FE0-3AEA-1069-A2D8-08002B30309D}\::{F86FA3AB-70D2-4FC7-9C99-FCBF05467F3A}	1738096579038
::{7D1CEAAE-3680-4093-BF63-A7BBF9B85FE5}\Nilesoft Shell\imports	1738095979618
::{59031A47-3F72-44A7-89C5-5595FE6B30EE}\{7D83EE9B-2244-4E70-B1F5-5393042AF1E4}\ContextMenuManager	1738083646983
C:\Users\Eino\Downloads\winaerotweaker - 1	1738082642905
C:\Users\Eino\Downloads\FixWin10\FixWin10.2.2	1738082640608
::{59031A47-3F72-44A7-89C5-5595FE6B30EE}\AppData\Local\Microsoft\PowerToys\NewPlus\Templates\Example folder	1738082638809
::{20D04FE0-3AEA-1069-A2D8-08002B30309D}\::{088E3905-0323-4B02-9826-5D99428E115F}\Themes&Stuff	1738060767930
C:\ProgramData\Microsoft\Windows\Start Menu\Programs\ExplorerPatcher	1738054927247
::{20D04FE0-3AEA-1069-A2D8-08002B30309D}\::{3DFDF296-DBEC-4FB4-81D1-6A3438BCF4DE}	1737809422081
::{59031A47-3F72-44A7-89C5-5595FE6B30EE}\{B4BFCC3A-DB2C-424C-B029-7FE99A87C641}	1737809421714
::{20D04FE0-3AEA-1069-A2D8-08002B30309D}\::{F86FA3AB-70D2-4FC7-9C99-FCBF05467F3A}\Roblox	1737808995093
::{20D04FE0-3AEA-1069-A2D8-08002B30309D}\::{D3162B92-9365-467A-956B-92703ACA08AF}	1737808789486
C:\Program Files (x86)\RivaTuner Statistics Server	1737807690058
C:\Users\Eino\Downloads\Colloid_Light_Cursor_Pack	1737682482732
C:\Users\Eino\Downloads\Colloid_Dark_Cursor_Pack	1737682480486
C:\Users\Eino\dorion\extensions\BDextension\assets\chrome	1737682479160
::{20D04FE0-3AEA-1069-A2D8-08002B30309D}\::{088E3905-0323-4B02-9826-5D99428E115F}\Themes&Stuff\DIM v4 - TechnoBlue	1737634149296
::{20D04FE0-3AEA-1069-A2D8-08002B30309D}\::{088E3905-0323-4B02-9826-5D99428E115F}\Themes&Stuff\DIM v4 - TechnoBlue\DIM v4 [TB] Bonus Cursors	1737627211565
::{20D04FE0-3AEA-1069-A2D8-08002B30309D}\::{088E3905-0323-4B02-9826-5D99428E115F}\Themes&Stuff\DIM v4 - TechnoBlue\DIM v4 [TB] Bonus Cursors\Statics	1737627207911
::{20D04FE0-3AEA-1069-A2D8-08002B30309D}\::{088E3905-0323-4B02-9826-5D99428E115F}\Themes&Stuff\Desktop Warbird	1737627155246
::{20D04FE0-3AEA-1069-A2D8-08002B30309D}\::{088E3905-0323-4B02-9826-5D99428E115F}\Themes&Stuff\delphic_x_2004_by_devillnside	1737627147783
::{20D04FE0-3AEA-1069-A2D8-08002B30309D}\::{088E3905-0323-4B02-9826-5D99428E115F}\Themes&Stuff\Deepin Cursors	1737627141884
::{20D04FE0-3AEA-1069-A2D8-08002B30309D}\::{088E3905-0323-4B02-9826-5D99428E115F}\Themes&Stuff\Deepin Cursors\Deepin	1737627125153
::{20D04FE0-3AEA-1069-A2D8-08002B30309D}\::{088E3905-0323-4B02-9826-5D99428E115F}\Themes&Stuff\Deepin Cursors\Deepin Small	1737627102597
::{20D04FE0-3AEA-1069-A2D8-08002B30309D}\::{088E3905-0323-4B02-9826-5D99428E115F}\Themes&Stuff\Das_Cursor_Pack	1737627089836
::{20D04FE0-3AEA-1069-A2D8-08002B30309D}\::{088E3905-0323-4B02-9826-5D99428E115F}\Themes&Stuff\Das_Cursor_Pack\Das Blue	1737627005550
::{20D04FE0-3AEA-1069-A2D8-08002B30309D}\::{088E3905-0323-4B02-9826-5D99428E115F}\Themes&Stuff\Das_Cursor_Pack\Das Black	1737626991442
::{20D04FE0-3AEA-1069-A2D8-08002B30309D}\::{088E3905-0323-4B02-9826-5D99428E115F}\Themes&Stuff\Darkbolt Mod Cursors	1737626984025
::{20D04FE0-3AEA-1069-A2D8-08002B30309D}\::{088E3905-0323-4B02-9826-5D99428E115F}\Themes&Stuff\Darkbolt Mod Cursors\Darkbolt Mod	1737626963053
::{20D04FE0-3AEA-1069-A2D8-08002B30309D}\::{088E3905-0323-4B02-9826-5D99428E115F}\Themes&Stuff\Conspiracy	1737626939726
::{20D04FE0-3AEA-1069-A2D8-08002B30309D}\::{088E3905-0323-4B02-9826-5D99428E115F}\Themes&Stuff\carbon_ex_for_windows_10_1903_by_devillnside	1737626929103
::{20D04FE0-3AEA-1069-A2D8-08002B30309D}\::{088E3905-0323-4B02-9826-5D99428E115F}\Themes&Stuff\Breeze Contrast Cursors	1737626898119
::{20D04FE0-3AEA-1069-A2D8-08002B30309D}\::{088E3905-0323-4B02-9826-5D99428E115F}\Themes&Stuff\Blue Light	1737626836995
::{20D04FE0-3AEA-1069-A2D8-08002B30309D}\::{088E3905-0323-4B02-9826-5D99428E115F}\Themes&Stuff\AEON	1737626829188
::{20D04FE0-3AEA-1069-A2D8-08002B30309D}\::{088E3905-0323-4B02-9826-5D99428E115F}\Themes&Stuff\Alkano Color Cursors	1737626826786
::{20D04FE0-3AEA-1069-A2D8-08002B30309D}\::{088E3905-0323-4B02-9826-5D99428E115F}\Themes&Stuff\Alkano Color Cursors\Alkano Blue	1737626824428
::{20D04FE0-3AEA-1069-A2D8-08002B30309D}\::{088E3905-0323-4B02-9826-5D99428E115F}\Themes&Stuff\Breeze Contrast Cursors\Breeze Contrast	1737626815035
search-ms:crumb=label&crumb=location:This%20PC	1737615720993
::{20D04FE0-3AEA-1069-A2D8-08002B30309D}\::{088E3905-0323-4B02-9826-5D99428E115F}\capitaine_cursors_by_krourke	1737609467527
C:\Users\Eino\AppData\Local\UXThemePatcher	1737608113722
::{59031A47-3F72-44A7-89C5-5595FE6B30EE}\Tablacus\te241011\icons2\general	1737595144783
::{59031A47-3F72-44A7-89C5-5595FE6B30EE}\Tablacus\te241011\icons2	1737579219080
::{59031A47-3F72-44A7-89C5-5595FE6B30EE}\Tablacus\te241011\icons2\browser	1737579212869
::{59031A47-3F72-44A7-89C5-5595FE6B30EE}\Tablacus\te241011\icons2\misc	1737579196457
C:\Users\Eino\Tablacus\te241011	1737577273081
C:\Users\Eino\Downloads\explorer_build18298	1737576978642
::{59031A47-3F72-44A7-89C5-5595FE6B30EE}\{31C0DD25-9439-4F12-BF41-7FF4EDA38722}	1737555085725
::{59031A47-3F72-44A7-89C5-5595FE6B30EE}\.vscode	1737555084307
::{59031A47-3F72-44A7-89C5-5595FE6B30EE}\{7D1D3A04-DEBB-4115-95CF-2F29DA2920DA}	1737555081567
::{ED7BA470-8E54-465E-825C-99712043E01C}	1737554845367
C:\Judes Stuff\CE 6.4	1737552993601
C:\Judes Stuff\CE 6.4\New folder	1737552991813
C:\Judes Stuff\CE 6.4\languages	1737552916366
::{59031A47-3F72-44A7-89C5-5595FE6B30EE}\AppData\Local\Discord	1737549304526
C:\Judes Stuff\Judes dev stuff\htdocs	1737538627564
C:\Windows\Fonts	1737484006341
C:\Windows	1737483961647
C:\Users\Eino\Downloads\bdbrowser-extension-1.10.2.20240619 - 1	1737455613387
C:\Users\Eino\Tablacus\te241011\addons\webview2	1737434930811
C:\Users\Eino\Tablacus\te241011\addons	1737434920363
::{20D04FE0-3AEA-1069-A2D8-08002B30309D}\::{088E3905-0323-4B02-9826-5D99428E115F}\.JS	1737430484671
::{20D04FE0-3AEA-1069-A2D8-08002B30309D}\::{0DB7E03F-FC29-4DC6-9020-FF41B59E513A}	1737400615019
::{031E4825-7B94-4DC3-B131-E946B44C8DD5}	1737398584618
C:\Users\Eino\Tablacus	1737395281860
C:\Users	1737395276398
C:\PerfLogs	1737390804934
about:newtab	1737390422529
::{20D04FE0-3AEA-1069-A2D8-08002B30309D}\::{088E3905-0323-4B02-9826-5D99428E115F}\FolderPainter	1737388658240
::{20D04FE0-3AEA-1069-A2D8-08002B30309D}\::{088E3905-0323-4B02-9826-5D99428E115F}\FolderPainter\Icons\Pack_04	1737387922586
::{20D04FE0-3AEA-1069-A2D8-08002B30309D}\::{088E3905-0323-4B02-9826-5D99428E115F}\FolderPainter\Icons\Customize_Icons	1737387889242
::{20D04FE0-3AEA-1069-A2D8-08002B30309D}\::{088E3905-0323-4B02-9826-5D99428E115F}\FolderPainter\Icons	1737387027312
::{031E4825-7B94-4DC3-B131-E946B44C8DD5}\{A990AE9F-A03B-4E80-94BC-9912D7504104}\nppBackup	1737383356982
C:\Users\Eino\Tablacus\te241011\layout	1737376616837
::{031E4825-7B94-4DC3-B131-E946B44C8DD5}\AppData.library-ms\AppData\Roaming	1737376523562
::{031E4825-7B94-4DC3-B131-E946B44C8DD5}\AppData.library-ms\AppData	1737376520430
::{20D04FE0-3AEA-1069-A2D8-08002B30309D}\::{B4BFCC3A-DB2C-424C-B029-7FE99A87C641}\Other Programs	1737376364550
C:\Users\Eino\Tablacus\te241011\icons	1737376046685
C:\Users\Eino\Tablacus\te241011\icons\misc	1737376015772
C:\Users\Eino\Tablacus\te241011\icons\shell32	1737375777192
C:\Users\Eino\Tablacus\te241011\icons\general	1737375741578
C:\Users\Eino\Tablacus\te241011\icons\browser	1737375709758
::{20D04FE0-3AEA-1069-A2D8-08002B30309D}\::{374DE290-123F-4565-9164-39C4925E467B}	1737356060216
::{679F85CB-0220-4080-B29B-5540CC05AAB6}\::{374DE290-123F-4565-9164-39C4925E467B}	1737331451615
D:\Mod Upload Folder\stranded_mod_collection	1737243218572
D:\Mod Upload Folder	1737242938329
D:\New folder (3)	1737242907619
C:\Program Files\AllenExplorer	1737242754516
::{679F85CB-0220-4080-B29B-5540CC05AAB6}\::{B4BFCC3A-DB2C-424C-B029-7FE99A87C641}	1737242711926
::{20D04FE0-3AEA-1069-A2D8-08002B30309D}\::{088E3905-0323-4B02-9826-5D99428E115F}\CRAIG	1737242363018
::{20D04FE0-3AEA-1069-A2D8-08002B30309D}\::{088E3905-0323-4B02-9826-5D99428E115F}\AllenExplorer	1737231632704
E:\Docs	1737230109140
::{018D5C66-4533-4307-9B53-224DE2ED1FE6}	1737220885314
